{
  "0": 0.02043679718566276,
  "1": 0.01779493391919731,
  "2": 0.01932119171303616,
  "3": 0.01947176423081398,
  "4": 0.020238315230410173,
  "5": 0.025145610468896507,
  "6": 0.03359820408051523,
  "7": 0.04348808081637681,
  "8": 0.05047601448233853,
  "9": 0.055965067175875544,
  "10": 0.05739550609476487,
  "11": 0.057990951960522626,
  "12": 0.05858639782628038,
  "13": 0.05531486766728949,
  "14": 0.05476048703365296,
  "15": 0.05549281700648146,
  "16": 0.05669739714870405,
  "17": 0.05840160428173487,
  "18": 0.05412397593577398,
  "19": 0.046971781341327366,
  "20": 0.0448569218870843,
  "21": 0.038170133256678236,
  "22": 0.0306483515731406,
  "23": 0.024652827683441816
}