{
  "1": 0.0,
  "2": 0.08625067586527867,
  "3": 0.08590162139224826,
  "4": 0.08952905022962308,
  "5": 0.09082260504144167,
  "6": 0.1010889130717478,
  "7": 0.09549035309255419,
  "8": 0.11104038765579123,
  "9": 0.10587301261387047,
  "10": 0.07644292959365953,
  "11": 0.05853848838880562,
  "12": 0.06204272152981678
}