{
  "0": 0.14831393001115606,
  "1": 0.14218836621974007,
  "2": 0.14319446440671005,
  "3": 0.13973129649782012,
  "4": 0.1473009876188325,
  "5": 0.14873142653772184,
  "6": 0.13053952870801935
}